target	outcome	method	snp	gwas_marker	pqtl_log10p	beta_exposure	se_exposure	beta_outcome	se_outcome	mr_beta	mr_se	mr_z	mr_p
CRELD2	frailty	lead_locus_pqtl_wald	22:50315382:C:G:imp:v1	rs74510325	354.247	-0.812982	0.0201768	-0.0293	0.009	0.03604015833068875	0.011106431725203382	3.2449808563540943	0.0011745851975041041
CRELD2	telomere	lead_locus_pqtl_wald	22:50315382:C:G:imp:v1	rs74510325	354.247	-0.812982	0.0201768	0.00220336	0.00557036	-0.002710219906467794	0.006852093163904217	-0.3955316779323462	0.6924505478938874
CRELD2	parental_longevity	lead_locus_pqtl_wald	22:50315382:C:G:imp:v1	rs74510325	354.247	-0.812982	0.0201768	-0.00347922	0.0060876	0.004279578145641601	0.00748874189398095	0.5714682394223384	0.5676822836664326
